Submission Date,"Name, First/last initial",Team Number (ex: 4915),Assigned Position,Match #,Did it taxi (move in auto)?,# of Low Goals Scored,# of High Goals Scored,# of High Goals Scored 2,# of Low Goals Scored 2,Approximate Time Spent Defending (Seconds),Defense Stars,Climb Level,# of Points Lost to Penalties by Your Team's Alliance,Were Serious Penalties Issued because of your robots actions?,Comments on Robot/Team/Match Conditions,How would you rate their performance overall?,How Would you rate their driving?,,,Team,Auto Bonus,Auto Points,Tele Points,Engame Points,Total Points,Defense Time,<=15 Defending,Stars,Low Auto,High Auto,Low Tele,High Tele
2022-04-07 16:06:48,,7461,Top Left,1,Yes,0,2,6,,5,,2,,,,,,,,7461,2,8,12,6,28,5,FALSE,,0,8,,12
2022-04-07 16:06:58,,2990,Bottom Left,1,Yes,,3,10,1,0,,4,0,,,,,,,2990,2,12,21,15,50,0,FALSE,,0,12,1,20
2022-04-07 16:07:26,,957,Middle Left,1,Yes,1,,1,2,,,2,,,,,,,,957,2,2,4,6,14,0,FALSE,,2,0,2,2
2022-04-07 16:07:35,,2928,Middle Right,1,Yes,,,5,,,,2,,,,,,,,2928,2,0,10,6,18,0,FALSE,,0,0,,10
2022-04-07 16:07:36,,7034,Bottom Right,1,Yes,,1,5,,,,4,,,,,,,,7034,2,4,10,15,31,0,FALSE,,0,4,,10
2022-04-07 16:14:28,,4513,Top Left,2,Yes,0,1,6,,,,2,,,,,,,,4513,2,4,12,6,24,0,FALSE,,0,4,,12
2022-04-07 16:14:32,,3663,Middle Right,2,Yes,,2,7,,,,4,,,,,,,,3663,2,8,14,15,39,0,FALSE,,0,8,,14
2022-04-07 16:14:43,,1540,Bottom Right,2,Yes,0,1,4,,10,,4,,,,,,,,1540,2,4,8,15,29,10,FALSE,,0,4,,8
2022-04-07 16:14:51,,997,Middle Left,2,Yes,,,,,20,,4,,,,,,,,997,2,0,0,15,17,20,FALSE,,0,0,,0
2022-04-07 16:15:06,,2471,Bottom Left,2,Yes,,1,13,,0,,4,0,,,,,,,2471,2,4,26,15,47,0,FALSE,,0,4,,26
2022-04-07 16:21:50,,3711,Top Left,3,Yes,,1,3,,,,4,,,,,,,,3711,2,4,6,15,27,0,FALSE,,0,4,,6
2022-04-07 16:22:08,,2910,Middle Left,3,Yes,,3,18,,,,4,,,,,,,,2910,2,12,36,15,65,0,FALSE,,0,12,,36
2022-04-07 16:22:15,,8248,Bottom Right,3,Yes,1,,,8,5,,0,,,,,,,,8248,2,2,8,0,12,5,FALSE,,2,0,8,0
2022-04-07 16:22:21,,1425,Middle Right,3,Yes,0,2,1,,,,4,,,,,,,,1425,2,8,2,15,27,0,FALSE,,0,8,,2
2022-04-07 16:23:01,,2635,Bottom Left,3,Yes,,1,,,135,,0,0,,,,,,,2635,2,4,0,0,6,135,1,,0,4,,0
2022-04-07 16:30:37,,2147,Middle Right,4,Yes,,2,7,,,,2,,,,,,,,2147,2,8,14,6,30,0,FALSE,,0,8,,14
2022-04-07 16:30:40,,4915,Middle Left,4,Yes,0,1,11,,,,0,,,,,,,,4915,2,4,22,0,28,0,FALSE,,0,4,,22
2022-04-07 16:31:02,,5920,Top Left,4,Yes,,1,2,,35,,0,,,,,,,,5920,2,4,4,0,10,35,1,,0,4,,4
2022-04-07 16:33:11,,4911,Bottom Left,4,Yes,,4,6,,0,,2,,,,,,,,4911,2,16,12,6,36,0,FALSE,,0,16,,12
2022-04-07 16:35:36,,488,Middle Right,5,No,0,0,,,,,,,,,,,,,488,0,0,0,0,0,0,FALSE,,0,0,,0
2022-04-07 16:37:02,,3636,Middle Left,5,Yes,1,,9,,,,,,,,,,,,3636,2,2,18,0,22,0,FALSE,,2,0,,18
2022-04-07 16:37:03,,4043,Top Left,5,Yes,1,0,,7,,,1,,,,,,,,4043,2,2,7,4,15,0,FALSE,,2,0,7,0
2022-04-07 16:37:51,,5827,Bottom Left,5,Yes,,3,10,0,0,,0,,,,,,,,5827,2,12,20,0,34,0,FALSE,,0,12,0,20
2022-04-07 16:40:06,,6831,Bottom Right,5,Yes,,,8,,,,3,,,,,,,,6831,2,0,16,10,28,0,FALSE,,0,0,,16
2022-04-07 16:40:06,,2930,Bottom Right,4,Yes,,2,11,,5,,4,,,,,,,,2930,2,8,22,15,47,5,FALSE,,0,8,,22
2022-04-07 16:46:37,,360,Middle Right,6,Yes,,2,13,,,,0,,,,,,,,360,2,8,26,0,36,0,FALSE,,0,8,,26
2022-04-07 16:46:37,,4488,Bottom Right,6,Yes,,3,16,,,,3,,,,,,,,4488,2,12,32,10,56,0,FALSE,,0,12,,32
2022-04-07 16:46:38,,8532,Middle Left,6,Yes,,,,,,,,,,,,,,,8532,2,0,0,0,2,0,FALSE,,0,0,,0
2022-04-07 16:49:05,,3786,Bottom Left,6,Yes,,1,2,,5,,0,0,,,,,,,3786,2,4,4,0,10,5,FALSE,,0,4,,4
2022-04-07 16:49:15,,4089,Top Left,6,Yes,,2,9,,,,3,,,,,,,,4089,2,8,18,10,38,0,FALSE,,0,8,,18
2022-04-07 16:52:54,,4131,Middle Right,7,Yes,,,1,,,,2,,,,,,,,4131,2,0,2,6,10,0,FALSE,,0,0,,2
2022-04-07 16:53:00,,2522,Middle Left,7,,,3,2,,,,4,,,,,,,,2522,0,12,4,15,31,0,FALSE,,0,12,,4
2022-04-07 16:53:13,,2412,Bottom Right,7,Yes,,,,,,,0,,,,,,,,2412,2,0,0,0,2,0,FALSE,,0,0,,0
2022-04-07 16:53:18,,955,Top Left,7,Yes,,0,10,,,,0,,,,,,,,955,2,0,20,0,22,0,FALSE,,0,0,,20
2022-04-07 16:53:56,,6350,Bottom Left,7,Yes,,0,4,,5,,3,,,,,,,,6350,2,0,8,10,20,5,FALSE,,0,0,,8
2022-04-07 17:00:50,,1899,Middle Right,8,Yes,,1,7,,,,0,,,,,,,,1899,2,4,14,0,20,0,FALSE,,0,4,,14
2022-04-07 17:01:00,,2976,Top Left,8,Yes,,3,14,,,,3,,,,,,,,2976,2,12,28,10,52,0,FALSE,,0,12,,28
2022-04-07 17:01:05,,568,Middle Left,8,Yes,1,,,,20,,2,,,,,,,,568,2,2,0,6,10,20,FALSE,,2,0,,0
2022-04-07 17:01:34,,4512,Bottom Left,8,Yes,,2,15,0,0,,0,0,,,,,,,4512,2,8,30,0,40,0,FALSE,,0,8,0,30
2022-04-07 17:01:40,,2521,Bottom Right,8,Yes,,1,4,,,,4,,,,,,,,2521,2,4,8,15,29,0,FALSE,,0,4,,8
2022-04-07 17:12:25,,1425,Middle Right,9,,,,,,,,0,,,,,,,,1425,0,0,0,0,0,0,FALSE,,0,0,,0
2022-04-07 17:13:14,,2811,Bottom Right,9,Yes,,1,10,,5,,2,,,,,,,,2811,2,4,20,6,32,5,FALSE,,0,4,,20
2022-04-07 17:13:21,,492,Top Left,9,Yes,,1,10,,,,0,,,,,,,,492,2,4,20,0,26,0,FALSE,,0,4,,20
2022-04-07 17:13:41,,2930,Middle Left,9,Yes,,3,14,,,,4,,,,,,,,2930,2,12,28,15,57,0,FALSE,,0,12,,28
2022-04-07 17:13:50,,1359,Bottom Left,9,Yes,1,,,5,5,,0,0,,,,,,,1359,2,2,5,0,9,5,FALSE,,2,0,5,0
2022-04-07 17:20:21,,488,Bottom Right,10,,,,,,,,,,,,,,,,488,0,0,0,0,0,0,FALSE,,0,0,,0
2022-04-07 17:23:22,,4911,Top Left,10,Yes,,1,18,,,,4,,,,,,,,4911,2,4,36,15,57,0,FALSE,,0,4,,36
2022-04-07 17:23:37,,997,Middle Left,10,Yes,,,,,15,,4,,,,,,,,997,2,0,0,15,17,15,FALSE,,0,0,,0
2022-04-07 17:24:04,,7461,Middle Right,10,No,,1,8,,,,4,,,,,,,,7461,0,4,16,15,35,0,FALSE,,0,4,,16
2022-04-07 17:25:07,,1540,Bottom Left,10,No,0,0,7,0,0,,0,,,,,,,,1540,0,0,14,0,14,0,FALSE,,0,0,0,14
2022-04-07 17:25:35,,2557,Top Right,4,Yes,,4,3,,30,,2,4,,,,,,,2557,2,16,6,6,30,30,1,,0,16,,6
2022-04-07 17:25:35,,3218,Top Right,5,Yes,,2,10,,,,4,,,,,,,,3218,2,8,20,15,45,0,FALSE,,0,8,,20
2022-04-07 17:25:35,,3674,Top Right,8,Yes,,2,3,,10,,3,,,,,,,,3674,2,8,6,10,26,10,FALSE,,0,8,,6
2022-04-07 17:25:35,,2046,Top Right,7,Yes,0,3,20,,10,,4,8,,,,,,,2046,2,12,40,15,69,10,FALSE,,0,12,,40
2022-04-07 17:25:35,,,,,,,5,16,,,,4,,,,,,,,,0,20,32,15,67,0,FALSE,,0,20,,32
2022-04-07 17:25:35,,2557,Top Right,9,,,,,,,,,,,,,,,,2557,0,0,0,0,0,0,FALSE,,0,0,,0
2022-04-07 17:28:46,,5827,Middle Left,11,Yes,,3,3,,,,0,,,,,,,,5827,2,12,6,0,20,0,FALSE,,0,12,,6
2022-04-07 17:29:45,,360,Bottom Left,11,Yes,,1,6,,,,0,,,,,,,,360,2,4,12,0,18,0,FALSE,,0,4,,12
2022-04-07 17:30:24,,3218,Top Left,11,Yes,,1,8,1,,,4,0,,,,,,,3218,2,4,17,15,38,0,FALSE,,0,4,1,16
2022-04-07 17:31:47,,3711,Middle Right,11,Yes,,,0,,18,,4,4,,,,,,,3711,2,0,0,15,17,18,FALSE,,0,0,,0
2022-04-07 17:38:34,,3786,Bottom Left,12,Yes,,1,11,,,,0,,,,,,,,3786,2,4,22,0,28,0,FALSE,,0,4,,22
2022-04-07 17:38:47,,6831,Bottom Right,12,Yes,,1,5,,,,2,,,,,,,,6831,2,4,10,6,22,0,FALSE,,0,4,,10
2022-04-07 17:38:51,,4125,Top Right,12,Yes,,0,1,,,,0,,,,,,,,4125,2,0,2,0,4,0,FALSE,,0,0,,2
2022-04-07 17:39:00,,2928,Middle Left,12,Yes,,1,6,,,,0,,,,,,,,2928,2,4,12,0,18,0,FALSE,,0,4,,12
2022-04-07 17:39:14,,4043,Middle Right,12,Yes,,1,,10,,,2,,,,,,,,4043,2,4,10,6,22,0,FALSE,,0,4,10,0
2022-04-07 17:45:36,,568,Bottom Right,13,Yes,,,,,15,,2,,,,,,,,568,2,0,0,6,8,15,FALSE,,0,0,,0
2022-04-07 17:45:40,,4488,Middle Left,13,Yes,,4,16,,,,2,,,,,,,,4488,2,16,32,6,56,0,FALSE,,0,16,,32
2022-04-07 17:46:01,,2635,Top Right,13,Yes,0,1,0,0,5,,0,0,,,,,,,2635,2,4,0,0,6,5,FALSE,,0,4,0,0
2022-04-07 17:46:12,,2522,Middle Right,13,Yes,0,1,7,1,0,,0,4,,,,,,,2522,2,4,15,0,21,0,FALSE,,0,4,1,14
2022-04-07 17:48:13,,2990,Bottom Left,13,Yes,,3,20,,,,2,,,,,,,,2990,2,12,40,6,60,0,FALSE,,0,12,,40
2022-04-07 17:54:11,,2521,Bottom Right,14,Yes,,,10,,,,4,,,,,,,,2521,2,0,20,15,37,0,FALSE,,0,0,,20
2022-04-07 17:54:11,,4089,Bottom Left,14,Yes,,5,11,,,,2,,,,,,,,4089,2,20,22,6,50,0,FALSE,,0,20,,22
2022-04-07 17:54:33,,8248,Middle Left,14,,,,,4,,,0,,,,,,,,8248,0,0,4,0,4,0,FALSE,,0,0,4,0
2022-04-07 17:55:10,,4131,Middle Right,14,Yes,0,,,4,,,2,4,,,,,,,4131,2,0,4,6,12,0,FALSE,,0,0,4,0
2022-04-07 17:55:15,,2412,Top Left,14,Yes,,1,3,1,5,,0,0,,,,,,,2412,2,4,7,0,13,5,FALSE,,0,4,1,6
2022-04-07 18:01:38,,5920,Middle Left,15,Yes,,,2,,,,0,,,,,,,,5920,2,0,4,0,6,0,FALSE,,0,0,,4
2022-04-07 18:01:59,,3674,Bottom Left,15,Yes,,2,9,,,,3,,,,,,,,3674,2,8,18,10,38,0,FALSE,,0,8,,18
2022-04-07 18:02:05,,492,Bottom Right,15,Yes,,,12,,,,3,,,,,,,,492,2,0,24,10,36,0,FALSE,,0,0,,24
2022-04-07 18:02:08,,957,Top Left,15,Yes,,,3,,15,,0,,,,,,,,957,2,0,6,0,8,15,FALSE,,0,0,,6
2022-04-07 18:02:18,,3636,Middle Right,15,Yes,,,5,,,,4,4,,,,,,,3636,2,0,10,15,27,0,FALSE,,0,0,,10
2022-04-07 18:08:37,,2471,Bottom Right,16,Yes,,4,8,,,,2,,,,,,,,2471,2,16,16,6,40,0,FALSE,,0,16,,16
2022-04-07 18:09:12,,4915,Middle Left,16,Yes,,1,7,,,,0,,,,,,,,4915,2,4,14,0,20,0,FALSE,,0,4,,14
2022-04-07 18:09:37,,1294,Top Left,16,Yes,,1,11,,0,,2,,,,,,,,1294,2,4,22,6,34,0,FALSE,,0,4,,22
2022-04-07 18:09:57,,4512,Middle Right,16,Yes,0,0,0,0,45,,1,4,,,,,,,4512,2,0,0,4,6,45,1,,0,0,0,0
2022-04-07 18:12:39,,955,Bottom Left,16,Yes,,1,11,,,,0,,,,,,,,955,2,4,22,0,28,0,FALSE,,0,4,,22
2022-04-07 18:18:24,,2910,Middle Right,17,Yes,,3,7,,,,4,,,,,,,,2910,2,12,14,15,43,0,FALSE,,0,12,,14
2022-04-07 18:18:52,,488,Bottom Left,17,Yes,,,6,,,,4,,,,,,,,488,2,0,12,15,29,0,FALSE,,0,0,,12
2022-04-07 18:18:56,,2811,Middle Left,17,Yes,,1,1,,,,0,,,,,,,,2811,2,4,2,0,8,0,FALSE,,0,4,,2
2022-04-07 18:21:39,,2147,Bottom Right,11,Yes,,1,12,,,,2,4,,,,,,,2147,2,4,24,6,36,0,FALSE,,0,4,,24
2022-04-07 18:25:05,,3711,Bottom Right,18,Yes,,,,,15,,2,,,,,,,,3711,2,0,0,6,8,15,FALSE,,0,0,,0
2022-04-07 18:25:24,,4043,Middle Left,18,Yes,2,,,8,,,1,,,,,,,,4043,2,4,8,4,18,0,FALSE,,4,0,8,0
2022-04-07 18:26:00,,2930,Middle Right,18,Yes,0,4,9,,,,0,4,,,,,,,2930,2,16,18,0,36,0,FALSE,,0,16,,18
2022-04-07 18:26:33,,3786,Top Left,18,Yes,,1,6,,,,2,,,,,,,,3786,2,4,12,6,24,0,FALSE,,0,4,,12
2022-04-07 18:32:31,,5827,Bottom Right,19,Yes,,4,11,,,,2,,,,,,,,5827,2,16,22,6,46,0,FALSE,,0,16,,22
2022-04-07 18:32:40,,568,Middle Right,19,Yes,,,,,,,0,,,,,,,,568,2,0,0,0,2,0,FALSE,,0,0,,0
2022-04-07 18:32:50,,2976,Top Left,19,Yes,,6,10,0,0,,3,,,,,,,,2976,2,24,20,10,56,0,FALSE,,0,24,0,20
2022-04-07 18:33:15,,4911,Middle Left,19,Yes,,2,7,,,,0,,,,,,,,4911,2,8,14,0,24,0,FALSE,,0,8,,14
2022-04-07 18:39:10,,8248,Bottom Left,19,Yes,,2,,,,,0,,,,,,,,8248,2,8,0,0,10,0,FALSE,,0,8,,0
2022-04-07 18:39:10,,2147,Bottom Left,18,Yes,,2,6,,,,3,,,,,,,,2147,2,8,12,10,32,0,FALSE,,0,8,,12
2022-04-07 18:39:18,,492,Bottom Right,20,Yes,,1,2,,,,0,,,,,,,,492,2,4,4,0,10,0,FALSE,,0,4,,4
2022-04-07 18:40:29,,4089,Middle Right,20,Yes,0,1,3,,,,0,,,,,,,,4089,2,4,6,0,12,0,FALSE,,0,4,,6
2022-04-07 18:40:30,,2522,Middle Left,20,Yes,,,,,120,,0,,,,,,,,2522,2,0,0,0,2,120,1,,0,0,,0
2022-04-07 18:40:31,,3636,Top Left,20,Yes,,,5,1,0,,0,,,,,,,,3636,2,0,11,0,13,0,FALSE,,0,0,1,10
2022-04-07 18:41:01,,7034,Bottom Left,20,Yes,,2,8,0,,,0,,,,,,,,7034,2,8,16,0,26,0,FALSE,,0,8,0,16
2022-04-07 18:47:24,,2557,Top Left,21,Yes,,1,7,,,,4,,,,,,,,2557,2,4,14,15,35,0,FALSE,,0,4,,14
2022-04-07 18:47:30,,955,Bottom Left,21,Yes,,2,15,,,,2,,,,,,,,955,2,8,30,6,46,0,FALSE,,0,8,,30
2022-04-07 18:47:31,,2471,Middle Left,21,Yes,,4,11,,,,4,,,,,,,,2471,2,16,22,15,55,0,FALSE,,0,16,,22
2022-04-07 18:47:40,,957,Top Right,21,Yes,0,2,3,,10,,2,,,,,,,,957,2,8,6,6,22,10,FALSE,,0,8,,6
2022-04-07 18:47:44,,2928,Bottom Right,21,Yes,,,2,0,0,,,0,,,,,,,2928,2,0,4,0,6,0,FALSE,,0,0,0,4
2022-04-07 18:48:31,,360,Middle Right,21,Yes,0,4,13,0,0,,0,0,,,,,,,360,2,16,26,0,44,0,FALSE,,0,16,0,26
2022-04-07 18:54:02,,6831,Middle Left,22,Yes,,1,4,,,,3,,,,,,,,6831,2,4,8,10,24,0,FALSE,,0,4,,8
2022-04-07 18:54:33,,2412,Top Right,22,Yes,,,2,2,,,0,,,,,,,,2412,2,0,6,0,8,0,FALSE,,0,0,2,4
2022-04-07 18:54:40,,1595,Top Left,22,No,,1,6,,30,,3,,,,,,,,1595,0,4,12,10,26,30,1,,0,4,,12
2022-04-07 18:54:43,,4513,Middle Right,22,Yes,0,0,8,0,0,,3,4,,,,,,,4513,2,0,16,10,28,0,FALSE,,0,0,0,16
2022-04-07 18:55:09,,6350,Bottom Right,22,Yes,0,1,7,0,0,,0,4,,,,,,,6350,2,4,14,0,20,0,FALSE,,0,4,0,14
2022-04-07 18:56:24,,4512,Bottom Left,22,No,,,,,,,0,,,,,,,,4512,0,0,0,0,0,0,FALSE,,0,0,,0
2022-04-07 19:00:13,,2046,Bottom Left,23,Yes,,2,12,,,,4,,,,,,,,2046,2,8,24,15,49,0,FALSE,,0,8,,24
2022-04-07 19:00:27,,4488,Middle Left,23,Yes,,4,12,,,,0,,,,,,,,4488,2,16,24,0,42,0,FALSE,,0,16,,24
2022-04-07 19:00:47,,997,Top Left,23,Yes,,,,,100,,4,,,,,,,,997,2,0,0,15,17,100,1,,0,0,,0
2022-04-07 19:00:57,,3218,Top Right,23,Yes,,,5,,,,4,,,,,,,,3218,2,0,10,15,27,0,FALSE,,0,0,,10
2022-04-07 19:01:27,,5920,Middle Right,23,Yes,0,0,0,0,30,,4,0,,,,,,,5920,2,0,0,15,17,30,1,,0,0,0,0
2022-04-07 19:07:12,,1899,Middle Left,24,Yes,,1,2,,,,0,,,,,,,,1899,2,4,4,0,10,0,FALSE,,0,4,,4
2022-04-07 19:07:25,,3663,Top Left,24,Yes,,2,8,,,,4,,,,,,,,3663,2,8,16,15,41,0,FALSE,,0,8,,16
2022-04-07 19:07:39,,2811,Bottom Left,24,Yes,,2,11,,,,0,,,,,,,,2811,2,8,22,0,32,0,FALSE,,0,8,,22
2022-04-07 19:07:49,,4131,Middle Right,24,Yes,0,0,1,0,5,,0,4,,,,,,,4131,2,0,2,0,4,5,FALSE,,0,0,0,2
2022-04-07 19:07:52,,3674,Bottom Right,24,Yes,0,2,9,1,0,,2,0,,,,,,,3674,2,8,19,6,35,0,FALSE,,0,8,1,18
2022-04-07 19:07:59,,2990,Top Right,24,Yes,,3,7,,,,4,,,,,,,,2990,2,12,14,15,43,0,FALSE,,0,12,,14
2022-04-07 19:14:25,,2635,Middle Left,25,Yes,,1,4,,,,0,,,,,,,,2635,2,4,8,0,14,0,FALSE,,0,4,,8
2022-04-07 19:14:33,,4125,Bottom Left,25,Yes,,2,4,,,,0,,,,,,,,4125,2,8,8,0,18,0,FALSE,,0,8,,8
2022-04-07 19:14:50,,2521,Bottom Right,25,No,0,2,11,0,0,,4,0,,,,,,,2521,0,8,22,15,45,0,FALSE,,0,8,0,22
2022-04-07 19:14:58,,8532,Top Left,25,Yes,,,,,30,,0,,,,,,,,8532,2,0,0,0,2,30,1,,0,0,,0
2022-04-07 19:14:58,,7461,Middle Right,25,Yes,0,0,9,0,0,,2,0,,,,,,,7461,2,0,18,6,26,0,FALSE,,0,0,0,18
2022-04-07 19:21:12,,1425,Bottom Left,26,Yes,,1,10,,,,0,,,,,,,,1425,2,4,20,0,26,0,FALSE,,0,4,,20
2022-04-07 19:21:31,,957,Top Left,26,No,,1,,,90,,0,,,,,,,,957,0,4,0,0,4,90,1,,0,4,,0
2022-04-07 19:21:47,,2976,Bottom Right,26,Yes,0,2,7,0,0,,0,0,,,,,,,2976,2,8,14,0,24,0,FALSE,,0,8,0,14
2022-04-07 19:22:06,,488,Middle Right,26,Yes,0,1,6,0,0,,4,4,,,,,,,488,2,4,12,15,33,0,FALSE,,0,4,0,12
2022-04-07 19:22:28,,2147,Middle Left,26,Yes,,,3,,,,0,,,,,,,,2147,2,0,6,0,8,0,FALSE,,0,0,,6
2022-04-08 10:24:39,,4911,Middle Left,27,Yes,,3,3,,,,4,,,,,,,,4911,2,12,6,15,35,0,FALSE,,0,12,,6
2022-04-08 10:24:49,,1359,,27,Yes,,,,4,,,2,,,,,,,,1359,2,0,4,6,12,0,FALSE,,0,0,4,0
2022-04-08 10:24:51,,4043,Bottom Left,27,Yes,2,0,,8,,,0,,,,,,,,4043,2,4,8,0,14,0,FALSE,,4,0,8,0
2022-04-08 10:25:28,,7034,Bottom Right,27,Yes,0,3,13,0,0,,4,4,,,,,,,7034,2,12,26,15,55,0,FALSE,,0,12,0,26
2022-04-08 10:32:06,,5920,Bottom Left,28,Yes,,2,12,,,,0,,,,,,,,5920,2,8,24,0,34,0,FALSE,,0,8,,24
2022-04-08 10:32:11,,2046,Middle Left,28,Yes,,4,18,,,,4,,,,,,,,2046,2,16,36,15,69,0,FALSE,,0,16,,36
2022-04-08 10:32:51,,4488,Bottom Right,28,Yes,0,4,8,0,0,,3,0,,,,,,,4488,2,16,16,10,44,0,FALSE,,0,16,0,16
2022-04-08 10:33:10,,2471,Top Left,28,Yes,0,1,12,0,0,,0,0,,,,,,,2471,2,4,24,0,30,0,FALSE,,0,4,0,24
2022-04-08 10:44:01,,2522,Bottom Left,29,Yes,0,2,1,,,,4,,,,,,,,2522,2,8,2,15,27,0,FALSE,,0,8,,2
2022-04-08 10:44:08,,1540,Middle Left,29,Yes,,,,,,,0,,,,,,,,1540,2,0,0,0,2,0,FALSE,,0,0,,0
2022-04-08 10:44:43,,2930,Bottom Left,29,Yes,,4,8,0,0,,4,0,,,,,,,2930,2,16,16,15,49,0,FALSE,,0,16,0,16
2022-04-08 10:44:59,,2910,Top Left,29,Yes,0,2,13,0,0,,4,0,,,,,,,2910,2,8,26,15,51,0,FALSE,,0,8,0,26
2022-04-08 10:50:58,,2811,Middle Left,30,Yes,,4,10,,,,0,,,,,,,,2811,2,16,20,0,38,0,FALSE,,0,16,,20
2022-04-08 10:51:41,,360,Bottom Left,30,Yes,,4,10,0,0,,2,0,,,,,,,360,2,16,20,6,44,0,FALSE,,0,16,0,20
2022-04-08 10:53:36,,6350,Top Left,30,Yes,0,0,4,0,0,,4,4,,,,,,,6350,2,0,8,15,25,0,FALSE,,0,0,0,8
2022-04-08 10:54:23,,2928,Bottom Left,30,No,,,,,75,,4,,,,,,,,2928,0,0,0,15,15,75,1,,0,0,,0
2022-04-08 10:54:45,,1294,Middle Right,29,Yes,0,1,3,0,0,,2,,,,,,,,1294,2,4,6,6,18,0,FALSE,,0,4,0,6
2022-04-08 10:54:45,,8532,Middle Right,30,Yes,0,0,0,0,35,,0,0,,,,,,,8532,2,0,0,0,2,35,1,,0,0,0,0
2022-04-08 10:54:45,,2412,Middle Right,27,Yes,0,2,4,0,25,,0,,,,,,,,2412,2,8,8,0,18,25,FALSE,,0,8,0,8
2022-04-08 10:54:45,,3786,Middle Right,28,Yes,0,2,7,0,0,,2,0,,,,,,,3786,2,8,14,6,30,0,FALSE,,0,8,0,14
2022-04-08 10:59:00,,5827,Bottom Left,31,Yes,,1,11,,,,2,,,,,,,,5827,2,4,22,6,34,0,FALSE,,0,4,,22
2022-04-08 10:59:01,,997,Top Right,31,Yes,1,,,,15,,4,4,,,,,,,997,2,2,0,15,19,15,FALSE,,2,0,,0
2022-04-08 10:59:14,,2990,Bottom Right,31,Yes,,2,12,,,,4,,,,,,,,2990,2,8,24,15,49,0,FALSE,,0,8,,24
2022-04-08 10:59:18,,4915,Top Left,31,Yes,0,1,5,0,15,,0,4,,,,,,,4915,2,4,10,0,16,15,FALSE,,0,4,0,10
2022-04-08 10:59:38,,3674,Middle Left,31,Yes,,2,5,,0,,3,0,,,,,,,3674,2,8,10,10,30,0,FALSE,,0,8,,10
2022-04-08 11:08:22,,3636,Bottom Left,32,Yes,,3,11,,,,4,,,,,,,,3636,2,12,22,15,51,0,FALSE,,0,12,,22
2022-04-08 11:08:53,,4125,Bottom Right,32,Yes,,1,,,80,,0,,,,,,,,4125,2,4,0,0,6,80,1,,0,4,,0
2022-04-08 11:09:00,,3711,Top Left,32,Yes,0,1,3,,20,,4,4,,,,,,,3711,2,4,6,15,27,20,FALSE,,0,4,,6
2022-04-08 11:09:29,,2557,Top Right,32,Yes,,3,7,,5,,4,4,,,,,,,2557,2,12,14,15,43,5,FALSE,,0,12,,14
2022-04-08 11:10:15,,4512,Middle Left,32,Yes,,2,8,,,,2,0,,,,,,,4512,2,8,16,6,32,0,FALSE,,0,8,,16
2022-04-08 11:16:17,,4131,Bottom Left,33,Yes,,,,,20,,0,,,,,,,,4131,2,0,0,0,2,20,FALSE,,0,0,,0
2022-04-08 11:16:59,,2635,Bottom Right,33,Yes,,,2,,30,,0,,,,,,,,2635,2,0,4,0,6,30,1,,0,0,,4
2022-04-08 11:17:02,,3218,Top Left,33,Yes,0,1,9,0,0,,4,8,,,,,,,3218,2,4,18,15,39,0,FALSE,,0,4,0,18
2022-04-08 11:17:04,,6831,Top Right,33,Yes,,,2,,,,0,4,,,,,,,6831,2,0,4,0,6,0,FALSE,,0,0,,4
2022-04-08 11:17:32,,492,Middle Left,33,Yes,0,2,7,,5,,3,,,,,,,,492,2,8,14,10,34,5,FALSE,,0,8,,14
2022-04-08 11:23:00,,3663,Bottom Right,35,Yes,,4,16,,,,4,,,,,,,,3663,2,16,32,15,65,0,FALSE,,0,16,,32
2022-04-08 11:23:01,,4488,Bottom Left,34,Yes,,4,12,,,,3,,,,,,,,4488,2,16,24,10,52,0,FALSE,,0,16,,24
2022-04-08 11:23:08,,1294,Middle Left,34,Yes,,1,,1,5,,2,0,,,,,,,1294,2,4,1,6,13,5,FALSE,,0,4,1,0
2022-04-08 11:23:59,,7461,Top Left,34,No,0,2,12,0,0,,0,4,,,,,,,7461,0,8,24,0,32,0,FALSE,,0,8,0,24
2022-04-08 11:24:00,,957,Top Right,34,,,1,9,,5,,2,4,,,,,,,957,0,4,18,6,28,5,FALSE,,0,4,,18
2022-04-08 11:30:39,,3786,Bottom Right,35,Yes,,1,7,,,,0,,,,,,,,3786,2,4,14,0,20,0,FALSE,,0,4,,14
2022-04-08 11:30:55,,1899,Bottom Left,35,Yes,,1,9,,,,0,,,,,,,,1899,2,4,18,0,24,0,FALSE,,0,4,,18
2022-04-08 11:31:37,,2147,Middle Left,35,Yes,,,7,,,,2,0,,,,,,,2147,2,0,14,6,22,0,FALSE,,0,0,,14
2022-04-08 11:32:16,,6350,Top Right,35,Yes,,2,12,,,,3,4,,,,,,,6350,2,8,24,10,44,0,FALSE,,0,8,,24
2022-04-08 11:32:47,,4089,Top Left,35,Yes,0,2,10,0,0,,3,0,,,,,,,4089,2,8,20,10,40,0,FALSE,,0,8,0,20
2022-04-08 11:36:23,,3674,Middle Left,36,Yes,,1,6,,0,,3,0,,,,,,,3674,2,4,12,10,28,0,FALSE,,0,4,,12
2022-04-08 11:36:24,,8532,Bottom Left,36,Yes,,,,,50,,0,,,,,,,,8532,2,0,0,0,2,50,1,,0,0,,0
2022-04-08 11:36:31,,5827,Bottom Right,36,,,1,7,,,,1,,,,,,,,5827,0,4,14,4,22,0,FALSE,,0,4,,14
2022-04-08 11:36:41,,2910,Top Left,36,Yes,0,2,9,0,0,,4,0,,,,,,,2910,2,8,18,15,43,0,FALSE,,0,8,0,18
2022-04-08 11:36:42,,7034,Top Right,36,Yes,,1,11,,,,3,,,,,,,,7034,2,4,22,10,38,0,FALSE,,0,4,,22
2022-04-08 11:42:55,,2990,Bottom Right,37,Yes,,2,13,,,,4,,,,,,,,2990,2,8,26,15,51,0,FALSE,,0,8,,26
2022-04-08 11:42:57,,3711,Bottom Left,36,Yes,,,5,,,,4,,,,,,,,3711,2,0,10,15,27,0,FALSE,,0,0,,10
2022-04-08 11:43:49,,2976,Middle Left,37,Yes,,2,5,,,,0,0,,,,,,,2976,2,8,10,0,20,0,FALSE,,0,8,,10
2022-04-08 11:44:48,,2412,Top Right,37,Yes,,1,,,5,,0,28,,,,,,,2412,2,4,0,0,6,5,FALSE,,0,4,,0
2022-04-08 11:45:33,,2046,Top Left,37,Yes,,2,10,0,0,,0,0,,,,,,,2046,2,8,20,0,30,0,FALSE,,0,8,0,20
2022-04-08 11:48:57,,4131,Bottom Right,38,Yes,,,,2,,,1,,,,,,,,4131,2,0,2,4,8,0,FALSE,,0,0,2,0
2022-04-08 11:49:24,,568,Bottom Left,38,Yes,,0,,,20,,0,,,,,,,,568,2,0,0,0,2,20,FALSE,,0,0,,0
2022-04-08 11:49:41,,2928,Middle Left,38,Yes,,,4,,,,4,,,,,,,,2928,2,0,8,15,25,0,FALSE,,0,0,,8
2022-04-08 11:49:46,,997,Top Right,38,Yes,,,,,25,,4,4,,,,,,,997,2,0,0,15,17,25,FALSE,,0,0,,0
2022-04-08 11:49:47,,1595,Top Left,38,Yes,0,0,5,0,0,,3,0,,,,,,,1595,2,0,10,10,22,0,FALSE,,0,0,0,10
2022-04-08 12:06:24,,2635,Bottom Left,39,No,,,,,,,0,,,,,,,,2635,0,0,0,0,0,0,FALSE,,0,0,,0
2022-04-08 12:06:31,,5920,Bottom Right,39,Yes,,2,4,,,,4,,,,,,,,5920,2,8,8,15,33,0,FALSE,,0,8,,8
2022-04-08 12:06:42,,3218,Middle Left,39,Yes,,3,6,,,,4,0,,,,,,,3218,2,12,12,15,41,0,FALSE,,0,12,,12
2022-04-08 12:07:06,,360,Top Right,39,Yes,0,4,17,,,,0,4,,,,,,,360,2,16,34,0,52,0,FALSE,,0,16,,34
2022-04-08 12:07:10,,2522,Top Left,39,Yes,,1,6,0,0,,2,4,,,,,,,2522,2,4,12,6,24,0,FALSE,,0,4,0,12
2022-04-08 12:12:08,,7461,Bottom Left,40,Yes,,2,7,,,,2,,,,,,,,7461,2,8,14,6,30,0,FALSE,,0,8,,14
2022-04-08 12:12:14,,4513,Bottom Right,40,Yes,,2,8,,,,2,,,,,,,,4513,2,8,16,6,32,0,FALSE,,0,8,,16
2022-04-08 12:12:25,,2811,Middle Left,40,,,4,5,,5,,2,0,,,,,,,2811,0,16,10,6,32,5,FALSE,,0,16,,10
2022-04-08 12:12:37,,4915,Top Right,40,Yes,,1,11,,,,0,4,,,,,,,4915,2,4,22,0,28,0,FALSE,,0,4,,22
2022-04-08 12:13:08,,4043,Top Left,40,Yes,1,0,0,0,50,,1,4,,,,,,,4043,2,2,0,4,8,50,1,,2,0,0,0
2022-04-08 12:14:24,,8248,Top Right,30,Yes,1,0,,10,,,0,,,,,,,,8248,2,2,10,0,14,0,FALSE,,2,0,10,0
2022-04-08 12:14:24,,1595,Middle Right,31,Yes,0,1,10,,,,0,4,,,,,,,1595,2,4,20,0,26,0,FALSE,,0,4,,20
2022-04-08 12:14:24,,1899,Top Right,29,Yes,,2,12,,,,2,4,,,,,,,1899,2,8,24,6,40,0,FALSE,,0,8,,24
2022-04-08 12:14:24,,955,Top Right,27,Yes,,,16,,,,2,12,,,,,,,955,2,0,32,6,40,0,FALSE,,0,0,,32
2022-04-08 12:14:25,,4513,Middle Right,33,Yes,0,2,10,,,,3,4,,,,,,,4513,2,8,20,10,40,0,FALSE,,0,8,,20
2022-04-08 12:14:25,,2521,Middle Right,32,Yes,,2,9,,5,,2,4,,,,,,,2521,2,8,18,6,34,5,FALSE,,0,8,,18
2022-04-08 12:14:25,,1359,Middle Right,34,Yes,1,,,3,35,,1,4,,,,,,,1359,2,2,3,4,11,35,1,,2,0,3,0
2022-04-08 12:14:26,,1425,Middle Right,35,Yes,,2,7,,0,,0,4,,,,,,,1425,2,8,14,0,24,0,FALSE,,0,8,,14
2022-04-08 12:14:34,,2471,Middle Right,36,Yes,,2,12,,,,2,,,,,,,,2471,2,8,24,6,40,0,FALSE,,0,8,,24
2022-04-08 12:14:38,,1540,Middle Right,37,Yes,,2,11,,,,4,,,,,,,,1540,2,8,22,15,47,0,FALSE,,0,8,,22
2022-04-08 12:14:38,,2930,Middle Right,38,Yes,,4,16,,,,2,4,,,,,,,2930,2,16,32,6,56,0,FALSE,,0,16,,32
2022-04-08 12:15:05,,3636,Middle Right,40,Yes,,3,16,,,,4,,,,,,,,3636,2,12,32,15,61,0,FALSE,,0,12,,32
2022-04-08 12:15:05,,4512,Middle Right,39,Yes,,2,11,,15,,0,4,,,,,,,4512,2,8,22,0,32,15,FALSE,,0,8,,22
2022-04-08 13:07:18,,3663,Bottom Left,41,Yes,,1,6,,,,4,,,,,,,,3663,2,4,12,15,33,0,FALSE,,0,4,,12
2022-04-08 13:07:41,,4911,Top Right,41,Yes,,1,16,,,,4,,,,,,,,4911,2,4,32,15,53,0,FALSE,,0,4,,32
2022-04-08 13:08:05,,4125,Bottom Right,41,Yes,0,1,6,0,0,,0,0,,,,,,,4125,2,4,12,0,18,0,FALSE,,0,4,0,12
2022-04-08 13:08:16,,492,Middle Left,41,No,,,,,30,,3,4,,,,,,,492,0,0,0,10,10,30,1,,0,0,,0
2022-04-08 13:08:17,,955,Middle Right,41,Yes,,2,7,,,,2,4,,,,,,,955,2,8,14,6,30,0,FALSE,,0,8,,14
2022-04-08 13:14:09,,3674,Bottom Left,42,Yes,,1,4,,,,0,,,,,,,,3674,2,4,8,0,14,0,FALSE,,0,4,,8
2022-04-08 13:14:23,,1294,Top Right,42,Yes,,,3,,,,2,,,,,,,,1294,2,0,6,6,14,0,FALSE,,0,0,,6
2022-04-08 13:14:42,,2521,Middle Right,42,Yes,,,7,,,,0,,,,,,,,2521,2,0,14,0,16,0,FALSE,,0,0,,14
2022-04-08 13:14:47,,6831,Middle Left,42,Yes,,1,6,,,,2,0,,,,,,,6831,2,4,12,6,24,0,FALSE,,0,4,,12
2022-04-08 13:15:12,,488,Bottom Right,42,Yes,2,,0,6,0,,4,0,,,,,,,488,2,4,6,15,27,0,FALSE,,4,0,6,0
2022-04-08 13:22:14,,2471,Top Right,43,Yes,,3,12,,,,2,,,,,,,,2471,2,12,24,6,44,0,FALSE,,0,12,,24
2022-04-08 13:22:54,,957,Bottom Right,43,Yes,0,0,8,0,10,,0,0,,,,,,,957,2,0,16,0,18,10,FALSE,,0,0,0,16
2022-04-08 13:23:06,,1359,Bottom Left,43,,1,,,9,,,1,,,,,,,,1359,0,2,9,4,15,0,FALSE,,2,0,9,0
2022-04-08 13:23:09,,8532,Middle Right,43,Yes,,,,,45,,0,,,,,,,,8532,2,0,0,0,2,45,1,,0,0,,0
2022-04-08 13:23:24,,3711,Middle Left,43,,,1,5,,0,,3,,,,,,,,3711,0,4,10,10,24,0,FALSE,,0,4,,10
2022-04-08 13:28:10,,7034,Middle Left,44,Yes,,,1,,,,4,,,,,,,,7034,2,0,2,15,19,0,FALSE,,0,0,,2
2022-04-08 13:28:37,,3786,Top Right,44,Yes,,1,1,,5,,0,,,,,,,,3786,2,4,2,0,8,5,FALSE,,0,4,,2
2022-04-08 13:29:59,,4512,Middle Right,44,Yes,,1,,2,,,0,,,,,,,,4512,2,4,2,0,8,0,FALSE,,0,4,2,0
2022-04-08 13:30:41,,2930,Bottom Right,44,Yes,0,5,14,0,0,,2,0,,,,,,,2930,2,20,28,6,56,0,FALSE,,0,20,0,28
2022-04-08 13:31:01,,3218,Bottom Left,44,Yes,,1,5,0,,,4,,,,,,,,3218,2,4,10,15,31,0,FALSE,,0,4,0,10
2022-04-08 13:35:33,,4513,Bottom Left,45,Yes,,1,6,,,,3,,,,,,,,4513,2,4,12,10,28,0,FALSE,,0,4,,12
2022-04-08 13:35:41,,4131,Middle Left,45,Yes,,,2,,,,0,,,,,,,,4131,2,0,4,0,6,0,FALSE,,0,0,,4
2022-04-08 13:35:42,,7461,Top Right,46,Yes,,1,8,,,,0,,,,,,,,7461,2,4,16,0,22,0,FALSE,,0,4,,16
2022-04-08 13:37:26,,5920,Bottom Right,45,Yes,0,0,3,0,0,,4,0,,,,,,,5920,2,0,6,15,23,0,FALSE,,0,0,0,6
2022-04-08 13:39:34,,997,Middle Right,45,Yes,,,,,20,,4,,,,,,,,997,2,0,0,15,17,20,FALSE,,0,0,,0
2022-04-08 13:44:04,,360,Bottom Left,46,Yes,,3,14,,,,2,,,,,,,,360,2,12,28,6,48,0,FALSE,,0,12,,28
2022-04-08 13:44:18,,4125,Middle Right,46,Yes,,2,2,,10,,0,,,,,,,,4125,2,8,4,0,14,10,FALSE,,0,8,,4
2022-04-08 13:44:33,,2412,Middle Left,46,Yes,,1,0,,,,0,,,,,,,,2412,2,4,0,0,6,0,FALSE,,0,4,,0
2022-04-08 13:44:56,,5827,Top Right,47,Yes,0,1,8,,,,2,,,,,,,,5827,2,4,16,6,28,0,FALSE,,0,4,,16
2022-04-08 13:45:24,,4488,Bottom Right,46,No,0,3,8,1,5,,3,0,,,,,,,4488,0,12,17,10,39,5,FALSE,,0,12,1,16
2022-04-08 13:50:32,,2521,Bottom Left,47,Yes,,2,7,,,,3,,,,,,,,2521,2,8,14,10,34,0,FALSE,,0,8,,14
2022-04-08 13:50:42,,2811,Middle Left,47,Yes,,4,,,120,,0,,,,,,,,2811,2,16,0,0,18,120,1,,0,16,,0
2022-04-08 13:51:31,,2928,Middle Right,47,Yes,,,1,,10,,4,,,,,,,,2928,2,0,2,15,19,10,FALSE,,0,0,,2
2022-04-08 13:51:52,,2046,Bottom Right,47,Yes,0,2,15,0,0,,0,0,,,,,,,2046,2,8,30,0,40,0,FALSE,,0,8,0,30
2022-04-08 13:57:57,,492,Middle Left,48,Yes,,3,6,,,,0,,,,,,,,492,2,12,12,0,26,0,FALSE,,0,12,,12
2022-04-08 13:58:15,,2976,Top Right,48,Yes,,,,,10,,3,,,,,,,,2976,2,0,0,10,12,10,FALSE,,0,0,,0
2022-04-08 13:58:37,,2910,Middle Right,47,Yes,,5,13,,,,4,,,,,,,,2910,2,20,26,15,63,0,FALSE,,0,20,,26
2022-04-08 13:58:58,,955,Bottom Left,48,Yes,,,10,,,,2,,,,,,,,955,2,0,20,6,28,0,FALSE,,0,0,,20
2022-04-08 13:59:17,,4915,Bottom Right,48,Yes,,0,2,0,100,,0,0,,,,,,,4915,2,0,4,0,6,100,1,,0,0,0,4
2022-04-08 14:07:32,,2557,Bottom Left,49,Yes,,2,4,,,,0,,,,,,,,2557,2,8,8,0,18,0,FALSE,,0,8,,8
2022-04-08 14:07:33,,2635,Top Right,49,Yes,1,,2,1,,,0,,,,,,,,2635,2,2,5,0,9,0,FALSE,,2,0,1,4
2022-04-08 14:08:02,,568,Middle Right,49,Yes,,,,,,,2,,,,,,,,568,2,0,0,6,8,0,FALSE,,0,0,,0
2022-04-08 14:08:12,,4043,Bottom Right,49,Yes,2,,0,11,0,,0,0,,,,,,,4043,2,4,11,0,17,0,FALSE,,4,0,11,0
2022-04-08 14:14:16,,6831,Top Left,50,Yes,,1,6,,,,0,,,,,,,,6831,2,4,12,0,18,0,FALSE,,0,4,,12
2022-04-08 14:14:32,,2522,Bottom Left,50,Yes,,2,13,0,,,3,,,,,,,,2522,2,8,26,10,46,0,FALSE,,0,8,0,26
2022-04-08 14:14:46,,3663,Bottom Right,50,Yes,0,2,8,1,0,,0,0,,,,,,,3663,2,8,17,0,27,0,FALSE,,0,8,1,16
2022-04-08 14:14:54,,3636,Middle Right,50,Yes,,2,3,,15,,4,4,,,,,,,3636,2,8,6,15,31,15,FALSE,,0,8,,6
2022-04-08 14:14:58,,1899,Top Left,46,Yes,0,1,12,0,0,,2,0,,,,,,,1899,2,4,24,6,36,0,FALSE,,0,4,0,24
2022-04-08 14:14:58,,8248,Top Left,41,Yes,0,0,0,0,35,,0,4,,,,,,,8248,2,0,0,0,2,35,1,,0,0,0,0
2022-04-08 14:14:58,,4089,Top Left,49,Yes,0,4,15,0,0,,3,0,,,,,,,4089,2,16,30,10,58,0,FALSE,,0,16,0,30
2022-04-08 14:14:58,,2147,Top Left,50,Yes,0,1,14,0,0,,3,4,,,,,,,2147,2,4,28,10,44,0,FALSE,,0,4,0,28
2022-04-08 14:14:58,,4911,Top Left,47,Yes,0,1,16,0,0,,4,0,,,,,,,4911,2,4,32,15,53,0,FALSE,,0,4,0,32
2022-04-08 14:14:58,,1425,Top Left,45,Yes,0,4,5,0,0,,3,0,,,,,,,1425,2,16,10,10,38,0,FALSE,,0,16,0,10
2022-04-08 14:14:58,,2990,Top Left,44,Yes,0,2,9,0,0,,0,0,,,,,,,2990,2,8,18,0,28,0,FALSE,,0,8,0,18
2022-04-08 14:14:58,,488,Top Left,48,No,0,0,0,3,0,,4,0,,,,,,,488,0,0,3,15,18,0,FALSE,,0,0,3,0
2022-04-08 14:14:58,,2557,Top Left,42,Yes,0,5,9,0,0,,2,0,,,,,,,2557,2,20,18,6,46,0,FALSE,,0,20,0,18
2022-04-08 14:14:58,,1595,Top Left,43,Yes,0,1,5,0,0,,3,0,,,,,,,1595,2,4,10,10,26,0,FALSE,,0,4,0,10
2022-04-08 14:20:08,,1595,Bottom Left,51,Yes,,1,4,,5,,0,,,,,,,,1595,2,4,8,0,14,5,FALSE,,0,4,,8
2022-04-08 14:20:11,,4125,Bottom Right,51,Yes,,,1,,60,,0,,,,,,,,4125,2,0,2,0,4,60,1,,0,0,,2
2022-04-08 14:20:36,,2471,Top Right,51,Yes,0,5,6,0,0,,3,0,,,,,,,2471,2,20,12,10,44,0,FALSE,,0,20,0,12
2022-04-08 14:20:44,,1425,Top Left,51,Yes,,4,12,,,,3,,,,,,,,1425,2,16,24,10,52,0,FALSE,,0,16,,24
2022-04-08 14:20:58,,1294,Middle Right,51,Yes,0,0,7,0,0,,0,0,,,,,,,1294,2,0,14,0,16,0,FALSE,,0,0,0,14
2022-04-08 14:26:48,,957,Bottom Right,52,Yes,,1,10,,,,1,,,,,,,,957,2,4,20,4,30,0,FALSE,,0,4,,20
2022-04-08 14:27:37,,4512,Bottom Left,52,Yes,,2,3,,,,3,,,,,,,,4512,2,8,6,10,26,0,FALSE,,0,8,,6
2022-04-08 14:28:20,,4488,Top Right,52,Yes,0,4,10,0,0,,3,4,,,,,,,4488,2,16,20,10,48,0,FALSE,,0,16,0,20
2022-04-08 14:28:25,,1540,Top Left,52,Yes,0,2,,,95,,4,0,,,,,,,1540,2,8,0,15,25,95,1,,0,8,,0
2022-04-08 14:28:42,,4911,Middle Right,52,Yes,,2,12,0,0,,4,0,,,,,,,4911,2,8,24,15,49,0,FALSE,,0,8,0,24
2022-04-08 14:39:31,,8532,Bottom Right,53,Yes,,,,,30,,0,,,,,,,,8532,2,0,0,0,2,30,1,,0,0,,0
2022-04-08 14:39:34,,2910,Bottom Left,53,Yes,,6,18,,,,4,,,,,,,,2910,2,24,36,15,77,0,FALSE,,0,24,,36
2022-04-08 14:41:03,,4131,Top Left,53,Yes,,2,5,,,,1,,,,,,,,4131,2,8,10,4,24,0,FALSE,,0,8,,10
2022-04-08 14:41:16,,2990,Top Right,53,Yes,,2,8,0,0,,3,0,,,,,,,2990,2,8,16,10,36,0,FALSE,,0,8,0,16
,,,,,,,,,,,,,,,,,,,,,0,0,0,0,0,0,FALSE,,0,0,,0
2022-04-08 14:45:44,,2930,Bottom Left,54,Yes,,2,6,,,,4,,,,,,,,2930,2,8,12,15,37,0,FALSE,,0,8,,12
2022-04-08 14:46:06,,4513,Bottom Right,54,Yes,,1,,,60,,2,,,,,,,,4513,2,4,0,6,12,60,1,,0,4,,0
2022-04-08 14:46:22,,1899,Top Right,54,Yes,0,1,16,0,0,,2,4,,,,,,,1899,2,4,32,6,44,0,FALSE,,0,4,0,32
2022-04-08 14:46:39,,1359,Middle Right,54,Yes,1,0,0,11,0,,1,0,,,,,,,1359,2,2,11,4,19,0,FALSE,,2,0,11,0
2022-04-08 14:47:04,,2521,Top Left,54,Yes,0,2,10,,5,,4,,,,,,,,2521,2,8,20,15,45,5,FALSE,,0,8,,20
2022-04-08 14:52:49,,997,Bottom Right,55,Yes,,1,1,,30,,4,,,,,,,,997,2,4,2,15,23,30,1,,0,4,,2
2022-04-08 14:53:22,,2976,Middle Right,55,Yes,,2,11,0,0,,0,0,,,,,,,2976,2,8,22,0,32,0,FALSE,,0,8,0,22
2022-04-08 14:54:02,,3663,Top Right,55,Yes,0,1,4,0,0,,3,0,,,,,,,3663,2,4,8,10,24,0,FALSE,,0,4,0,8
2022-04-08 14:54:37,,7034,Top Left,55,Yes,0,,7,,,,4,,,,,,,,7034,2,0,14,15,31,0,FALSE,,0,0,,14
2022-04-08 14:59:27,,2557,Bottom Right,56,Yes,,2,13,,,,2,,,,,,,,2557,2,8,26,6,42,0,FALSE,,0,8,,26
2022-04-08 14:59:34,,7461,Middle Right,56,Yes,,2,6,0,0,,2,0,,,,,,,7461,2,8,12,6,28,0,FALSE,,0,8,0,12
2022-04-08 14:59:50,,4089,Bottom Left,56,Yes,,1,1,,,,0,,,,,,,,4089,2,4,2,0,8,0,FALSE,,0,4,,2
2022-04-08 15:03:30,,6831,Top Left,56,Yes,,2,5,,,,3,,,,,,,,6831,2,8,10,10,30,0,FALSE,,0,8,,10
2022-04-08 15:10:28,,2522,Bottom Right,57,Yes,,2,8,,,,4,,,,,,,,2522,2,8,16,15,41,0,FALSE,,0,8,,16
2022-04-08 15:11:15,,3711,Bottom Left,57,Yes,,1,4,,,,4,,,,,,,,3711,2,4,8,15,29,0,FALSE,,0,4,,8
2022-04-08 15:11:26,,3674,Middle Right,57,Yes,,2,10,0,0,,3,0,,,,,,,3674,2,8,20,10,40,0,FALSE,,0,8,0,20
2022-04-08 15:11:50,,955,Top Left,57,Yes,,3,15,,10,,0,,,,,,,,955,2,12,30,0,44,10,FALSE,,0,12,,30
2022-04-08 15:12:37,,2811,Top Right,57,Yes,,2,11,0,20,,0,0,,,,,,,2811,2,8,22,0,32,20,FALSE,,0,8,0,22
2022-04-08 15:17:08,,2147,Bottom Right,58,Yes,,,10,,,,3,,,,,,,,2147,2,0,20,10,32,0,FALSE,,0,0,,20
2022-04-08 15:17:16,,2412,Top Left,58,Yes,1,,1,,,,0,,,,,,,,2412,2,2,2,0,6,0,FALSE,,2,0,,2
2022-04-08 15:17:25,,488,Bottom Left,58,Yes,,1,8,,,,4,,,,,,,,488,2,4,16,15,37,0,FALSE,,0,4,,16
2022-04-08 15:19:37,,2928,Top Right,58,Yes,0,0,3,1,5,,4,0,,,,,,,2928,2,0,7,15,24,5,FALSE,,0,0,1,6
2022-04-08 15:26:24,,3636,Bottom Right,59,Yes,,,11,,,,4,,,,,,,,3636,2,0,22,15,39,0,FALSE,,0,0,,22
2022-04-08 15:26:31,,2930,Bottom Left,59,Yes,,3,11,,,,2,,,,,,,,2930,2,12,22,6,42,0,FALSE,,0,12,,22
2022-04-08 15:27:19,,4043,Top Left,59,Yes,2,,,,55,,0,4,,,,,,,4043,2,4,0,0,6,55,1,,4,0,,0
2022-04-08 15:27:45,,2910,Top Right,59,Yes,0,4,12,0,0,,3,0,,,,,,,2910,2,16,24,10,52,0,FALSE,,0,16,0,24
2022-04-08 15:27:51,,4488,Bottom Right,59,Yes,,2,10,0,0,,0,0,,,,,,,4488,2,8,20,0,30,0,FALSE,,0,8,0,20
2022-04-08 15:33:37,,360,Bottom Right,60,Yes,,4,11,,,,0,,,,,,,,360,2,16,22,0,40,0,FALSE,,0,16,,22
2022-04-08 15:34:17,,2990,Top Left,60,Yes,,2,14,,,,0,,,,,,,,2990,2,8,28,0,38,0,FALSE,,0,8,,28
2022-04-08 15:34:26,,4911,Middle Right,60,Yes,,2,14,0,0,,4,0,,,,,,,4911,2,8,28,15,53,0,FALSE,,0,8,0,28
2022-04-08 15:34:29,,2521,Bottom Left,60,Yes,,,10,,,,3,,,,,,,,2521,2,0,20,10,32,0,FALSE,,0,0,,20
2022-04-08 15:35:00,,6350,Top Right,60,Yes,0,2,6,0,0,,4,0,,,,,,,6350,2,8,12,15,37,0,FALSE,,0,8,0,12
2022-04-08 15:42:58,,4512,Top Right,61,Yes,,,3,1,,,3,,,,,,,,4512,2,0,7,10,19,0,FALSE,,0,0,1,6
2022-04-08 15:43:09,,1540,Bottom Left,61,Yes,,,4,,,,4,,,,,,,,1540,2,0,8,15,25,0,FALSE,,0,0,,8
2022-04-08 15:43:40,,1899,Top Left,61,Yes,0,2,10,,,,2,4,,,,,,,1899,2,8,20,6,36,0,FALSE,,0,8,,20
2022-04-08 15:50:01,,7034,Bottom Left,62,Yes,,2,6,,,,2,,,,,,,,7034,2,8,12,6,28,0,FALSE,,0,8,,12
2022-04-08 15:51:48,,5827,Middle Right,62,Yes,,2,8,0,0,,1,0,,,,,,,5827,2,8,16,4,30,0,FALSE,,0,8,0,16
2022-04-08 15:52:41,,1359,Top Left,62,Yes,1,0,,10,,,2,8,,,,,,,1359,2,2,10,6,20,0,FALSE,,2,0,10,0
2022-04-08 15:58:16,,2522,Top Right,63,Yes,,,4,,,,4,,,,,,,,2522,2,0,8,15,25,0,FALSE,,0,0,,8
2022-04-08 15:58:42,,4915,Bottom Left,63,Yes,,2,6,0,25,,2,,,,,,,,4915,2,8,12,6,28,25,FALSE,,0,8,0,12
2022-04-08 15:59:31,,2928,Top Left,63,Yes,,1,7,,5,,4,,,,,,,,2928,2,4,14,15,35,5,FALSE,,0,4,,14
2022-04-08 16:05:02,,3711,Middle Right,63,Yes,0,1,4,0,0,,4,8,,,,,,,3711,2,4,8,15,29,0,FALSE,,0,4,0,8
2022-04-08 16:08:57,,2412,Bottom Left,64,Yes,,1,,,40,,0,,,,,,,,2412,2,4,0,0,6,40,1,,0,4,,0
2022-04-08 16:09:10,,957,Top Right,64,Yes,,,5,,,,2,,,,,,,,957,2,0,10,6,18,0,FALSE,,0,0,,10
2022-04-08 16:09:47,,3636,Top Left,64,Yes,,2,5,,,,0,8,,,,,,,3636,2,8,10,0,20,0,FALSE,,0,8,,10
2022-04-08 16:10:17,,955,Middle Right,64,Yes,0,1,6,0,0,,2,0,,,,,,,955,2,4,12,6,24,0,FALSE,,0,4,0,12
2022-04-08 16:15:01,,568,Top Right,65,Yes,1,,,,,,2,,,,,,,,568,2,2,0,6,10,0,FALSE,,2,0,,0
2022-04-08 16:15:29,,4125,Bottom Left,65,Yes,,1,4,,,,0,,,,,,,,4125,2,4,8,0,14,0,FALSE,,0,4,,8
2022-04-08 16:16:51,,6831,Middle Right,65,Yes,0,1,0,1,0,,3,,,,,,,,6831,2,4,1,10,17,0,FALSE,,0,4,1,0
2022-04-08 16:17:11,,2811,Top Left,65,Yes,,1,8,,5,,2,,,,,,,,2811,2,4,16,6,28,5,FALSE,,0,4,,16
2022-04-08 16:22:38,,2046,Top Right,66,Yes,,2,9,1,,,4,,,,,,,,2046,2,8,19,15,44,0,FALSE,,0,8,1,18
2022-04-08 16:22:49,,4131,Bottom Left,66,Yes,1,,2,,15,,2,,,,,,,,4131,2,2,4,6,14,15,FALSE,,2,0,,4
2022-04-08 16:23:19,,2635,Top Left,66,Yes,,,,,120,,0,,,,,,,,2635,2,0,0,0,2,120,1,,0,0,,0
2022-04-08 16:23:34,,2147,Middle Right,66,Yes,0,2,4,0,0,,0,0,,,,,,,2147,2,8,8,0,18,0,FALSE,,0,8,0,8
2022-04-08 16:29:53,,492,Top Right,67,Yes,,,8,,,,2,,,,,,,,492,2,0,16,6,24,0,FALSE,,0,0,,16
2022-04-08 16:29:55,,5920,Bottom Left,67,Yes,,1,2,,,,3,,,,,,,,5920,2,4,4,10,20,0,FALSE,,0,4,,4
2022-04-08 16:31:14,,8248,Top Left,67,Yes,1,0,0,10,,,0,,,,,,,,8248,2,2,10,0,14,0,FALSE,,2,0,10,0
2022-04-08 16:31:35,,4043,Middle Right,67,Yes,,2,10,0,0,,3,0,,,,,,,4043,2,8,20,10,40,0,FALSE,,0,8,0,20
2022-04-08 16:36:32,,3218,Top Right,68,Yes,,,6,,,,4,,,,,,,,3218,2,0,12,15,29,0,FALSE,,0,0,,12
2022-04-08 16:36:40,,3663,Bottom Left,68,Yes,,,8,,,,0,,,,,,,,3663,2,0,16,0,18,0,FALSE,,0,0,,16
2022-04-08 16:37:17,,7034,Top Left,68,Yes,,5,7,0,20,,4,4,,,,,,,7034,2,20,14,15,51,20,FALSE,,0,20,0,14
2022-04-08 16:39:32,,6350,Middle Right,68,Yes,,1,6,0,0,,2,,,,,,,,6350,2,4,12,6,24,0,FALSE,,0,4,0,12
2022-04-08 16:43:28,,2990,Middle Right,69,Yes,0,2,4,0,0,,2,0,,,,,,,2990,2,8,8,6,24,0,FALSE,,0,8,0,8
2022-04-08 16:43:47,,488,Top Right,69,Yes,,1,4,,,,3,,,,,,,,488,2,4,8,10,24,0,FALSE,,0,4,,8
2022-04-08 16:44:22,,2412,Top Left,69,Yes,,2,,,120,,0,,,,,,,,2412,2,8,0,0,10,120,1,,0,8,,0
2022-04-08 16:46:35,,2521,Bottom Left,69,Yes,,,5,,,,4,,,,,,,,2521,2,0,10,15,27,0,FALSE,,0,0,,10
2022-04-08 16:51:03,,4513,Top Right,70,Yes,,,5,,,,3,,,,,,,,4513,2,0,10,10,22,0,FALSE,,0,0,,10
2022-04-08 16:51:07,,5827,Bottom Left,70,Yes,0,3,20,,,,0,,,,,,,,5827,2,12,40,0,54,0,FALSE,,0,12,,40
2022-04-08 16:51:14,,4089,Middle Right,70,Yes,0,2,4,0,0,,4,0,,,,,,,4089,2,8,8,15,33,0,FALSE,,0,8,0,8
2022-04-08 16:51:29,,2928,Top Left,70,Yes,,1,,,85,,4,,,,,,,,2928,2,4,0,15,21,85,1,,0,4,,0
2022-04-08 16:51:51,,3663,Bottom Right,63,Yes,0,5,11,0,0,,0,,,,,,,,3663,2,20,22,0,44,0,FALSE,,0,20,0,22
2022-04-08 16:51:51,,7461,Bottom Right,62,Yes,0,2,13,0,0,,2,,,,,,,,7461,2,8,26,6,42,0,FALSE,,0,8,0,26
2022-04-08 16:51:51,,1294,Bottom Right,65,Yes,0,1,11,0,0,,0,,,,,,,,1294,2,4,22,0,28,0,FALSE,,0,4,0,22
2022-04-08 16:51:51,,4512,Bottom Right,67,No,0,2,7,0,0,,1,0,,,,,,,4512,0,8,14,4,26,0,FALSE,,0,8,0,14
2022-04-08 16:51:51,,3218,Bottom Right,61,Yes,0,2,11,0,0,,4,,,,,,,,3218,2,8,22,15,47,0,FALSE,,0,8,0,22
2022-04-08 16:51:52,,3674,Bottom Right,66,Yes,0,1,7,0,0,,3,0,,,,,,,3674,2,4,14,10,30,0,FALSE,,0,4,0,14
2022-04-08 16:51:52,,3711,Bottom Right,68,Yes,0,0,0,0,25,,4,0,,,,,,,3711,2,0,0,15,17,25,FALSE,,0,0,0,0
2022-04-08 16:51:52,,3786,Bottom Right,69,Yes,0,1,7,0,0,,0,12,,,,,,,3786,2,4,14,0,20,0,FALSE,,0,4,0,14
2022-04-08 16:51:52,,997,Bottom Right,64,Yes,1,0,0,0,20,,4,0,,,,,,,997,2,2,0,15,19,20,FALSE,,2,0,0,0
2022-04-08 16:51:52,,2811,Bottom Right,70,Yes,0,3,16,0,0,,0,,,,,,,,2811,2,12,32,0,46,0,FALSE,,0,12,0,32
2022-04-08 16:57:58,,2976,Top Right,71,No,,,13,,,,0,,,,,,,,2976,0,0,26,0,26,0,FALSE,,0,0,,26
2022-04-08 17:04:38,,4911,Top Left,72,Yes,,2,15,,,,4,,,,,,,,4911,2,8,30,15,55,0,FALSE,,0,8,,30
2022-04-08 17:11:02,,4043,Top Right,63,Yes,,,,1,55,,1,,,,,,,,4043,2,0,1,4,7,55,1,,0,0,1,0
2022-04-08 17:24:56,,360,Bottom Left,75,Yes,,3,15,,,,0,,,,,,,,360,2,12,30,0,44,0,FALSE,,0,12,,30
2022-04-08 17:31:31,,488,,76,Yes,,,2,2,,,0,,,,,,,,488,2,0,6,0,8,0,FALSE,,0,0,2,4
2022-04-08 17:38:02,,6350,Middle Left,77,Yes,,,4,,,,4,,,,,,,,6350,2,0,8,15,25,0,FALSE,,0,0,,8
2022-04-08 17:46:12,,492,Bottom Left,78,Yes,0,1,12,,,,0,,,,,,,,492,2,4,24,0,30,0,FALSE,,0,4,,24
2022-04-08 17:52:42,,1595,Middle Left,79,,,1,4,,,,2,,,,,,,,1595,0,4,8,6,18,0,FALSE,,0,4,,8
2022-04-08 18:00:32,,4915,Top Left,80,Yes,,1,5,,,,2,,,,,,,,4915,2,4,10,6,22,0,FALSE,,0,4,,10
2022-04-08 18:02:17,,4488,Middle Right,77,Yes,0,4,13,0,0,,3,,,,,,,,4488,2,16,26,10,54,0,FALSE,,0,16,0,26
2022-04-08 18:02:17,,4911,Bottom Left,80,Yes,0,2,5,0,20,,4,4,,,,,,,4911,2,8,10,15,35,20,FALSE,,0,8,0,10
2022-04-08 18:02:17,,4131,Bottom Left,71,No,1,0,0,0,15,,1,,,,,,,,4131,0,2,0,4,6,15,FALSE,,2,0,0,0
2022-04-08 18:02:17,,955,Middle Right,74,Yes,0,2,11,0,0,,2,0,,,,,,,955,2,8,22,6,38,0,FALSE,,0,8,0,22
2022-04-08 18:02:17,,1899,Top Left,79,Yes,0,2,7,0,0,,0,4,,,,,,,1899,2,8,14,0,24,0,FALSE,,0,8,0,14
2022-04-08 18:02:17,,1294,,72,Yes,0,2,8,0,0,,2,0,,,,,,,1294,2,8,16,6,32,0,FALSE,,0,8,0,16
2022-04-08 18:02:17,,4915,Top Right,75,Yes,0,1,7,0,0,,0,0,,,,,,,4915,2,4,14,0,20,0,FALSE,,0,4,0,14
2022-04-08 18:02:17,,492,Bottom Left,73,Yes,0,2,10,0,0,,0,0,,,,,,,492,2,8,20,0,30,0,FALSE,,0,8,0,20
2022-04-08 18:02:17,,7034,Middle Left,76,Yes,0,5,7,0,0,,3,4,,,,,,,7034,2,20,14,10,46,0,FALSE,,0,20,0,14
2022-04-08 18:02:17,,4043,Top Right,78,Yes,2,0,0,8,0,,1,0,,,,,,,4043,2,4,8,4,18,0,FALSE,,4,0,8,0
2022-04-08 18:09:03,,2930,Bottom Left,81,Yes,,4,10,,,,2,,,,,,,,2930,2,16,20,6,44,0,FALSE,,0,16,,20
2022-04-08 18:10:07,,2412,Middle Right,81,Yes,0,1,0,7,55,,0,0,,,,,,,2412,2,4,7,0,13,55,1,,0,4,7,0
2022-04-08 18:15:50,,1294,Top Left,82,Yes,0,2,,,90,,0,,,,,,,,1294,2,8,0,0,10,90,1,,0,8,,0
2022-04-08 18:16:47,,360,Bottom Left,82,Yes,0,3,6,0,0,,2,4,,,,,,,360,2,12,12,6,32,0,FALSE,,0,12,0,12
2022-04-08 18:23:01,,6831,Top Right,83,Yes,,0,0,,30,,3,,,,,,,,6831,2,0,0,10,12,30,1,,0,0,,0
2022-04-08 18:23:53,,2046,Bottom Left,83,Yes,0,4,15,0,0,,4,0,,,,,,,2046,2,16,30,15,63,0,FALSE,,0,16,0,30
2022-04-08 18:31:27,,7034,Middle Right,84,Yes,0,2,11,0,5,,4,0,,,,,,,7034,2,8,22,15,47,5,FALSE,,0,8,0,22
2022-04-08 18:31:46,,2910,Bottom Right,84,Yes,,5,19,0,,,4,,,,,,,,2910,2,20,38,15,75,0,FALSE,,0,20,0,38